dataset,write_ratio,index_name,throughput_mops,latency_ns,time_ms,trial
wiki_ts,0,HRT-LI,0.972712,1028.05,102.805,1
wiki_ts,0,HRT-LI v3,0.395032,2531.44,253.144,1
wiki_ts,0,ALEX,10.5418,94.86,9.486,1
wiki_ts,0,Dynamic PGM,5.70009,175.436,17.5436,1
wiki_ts,0,HOT,0.837723,1193.71,119.371,1
wiki_ts,0,ART,1.06484,939.111,93.9111,1
wiki_ts,0.01,HRT-LI,0.648835,1541.22,154.122,1
wiki_ts,0.01,HRT-LI v3,0.420082,2380.49,238.049,1
wiki_ts,0.01,ALEX,7.0477,141.89,14.189,1
wiki_ts,0.01,Dynamic PGM,1.68226,594.438,59.4438,1
wiki_ts,0.01,HOT,0.634811,1575.27,157.527,1
wiki_ts,0.01,ART,0.894352,1118.13,111.813,1
wiki_ts,0.02,HRT-LI,0.556498,1796.95,179.695,1
wiki_ts,0.02,HRT-LI v3,0.408853,2445.87,244.587,1
wiki_ts,0.02,ALEX,6.05842,165.059,16.5059,1
wiki_ts,0.02,Dynamic PGM,4.1595,240.413,24.0413,1
wiki_ts,0.02,HOT,0.771034,1296.96,129.696,1
wiki_ts,0.02,ART,1.31521,760.334,76.0334,1
wiki_ts,0.05,HRT-LI,0.382006,2617.76,261.776,1
wiki_ts,0.05,HRT-LI v3,0.429475,2328.43,232.843,1
wiki_ts,0.05,ALEX,9.24843,108.126,10.8126,1
wiki_ts,0.05,Dynamic PGM,3.52725,283.507,28.3507,1
wiki_ts,0.05,HOT,0.864761,1156.39,115.639,1
wiki_ts,0.05,ART,1.14253,875.25,87.525,1
wiki_ts,0.1,HRT-LI,0.364292,2745.05,274.505,1
wiki_ts,0.1,HRT-LI v3,0.349507,2861.17,286.117,1
wiki_ts,0.1,ALEX,5.37091,186.188,18.6188,1
wiki_ts,0.1,Dynamic PGM,3.54525,282.068,28.2068,1
wiki_ts,0.1,HOT,0.670683,1491.02,149.102,1
wiki_ts,0.1,ART,1.13908,877.9,87.79,1
wiki_ts,0.25,HRT-LI,0.249797,4003.25,400.325,1
wiki_ts,0.25,HRT-LI v3,0.367782,2719,271.9,1
wiki_ts,0.25,ALEX,8.33298,120.005,12.0005,1
wiki_ts,0.25,Dynamic PGM,3.74732,266.857,26.6857,1
wiki_ts,0.25,HOT,0.620499,1611.61,161.161,1
wiki_ts,0.25,ART,0.989394,1010.72,101.072,1
wiki_ts,0.5,HRT-LI,0.154427,6475.53,647.553,1
wiki_ts,0.5,HRT-LI v3,0.380801,2626.04,262.604,1
wiki_ts,0.5,ALEX,7.49933,133.345,13.3345,1
wiki_ts,0.5,Dynamic PGM,4.68361,213.51,21.351,1
wiki_ts,0.5,HOT,1.4339,697.399,69.7399,1
wiki_ts,0.5,ART,1.15072,869.022,86.9022,1
wiki_ts,0.75,HRT-LI,0.101671,9835.68,983.568,1
wiki_ts,0.75,HRT-LI v3,0.350368,2854.14,285.414,1
wiki_ts,0.75,ALEX,8.15148,122.677,12.2677,1
wiki_ts,0.75,Dynamic PGM,6.48534,154.194,15.4194,1
wiki_ts,0.75,HOT,1.85762,538.323,53.8323,1
wiki_ts,0.75,ART,2.30007,434.77,43.477,1
wiki_ts,1,HRT-LI,0.0978518,10219.5,1021.95,1
wiki_ts,1,HRT-LI v3,0.544636,1836.09,183.609,1
wiki_ts,1,ALEX,8.43742,118.52,11.852,1
wiki_ts,1,Dynamic PGM,9.87801,101.235,10.1235,1
wiki_ts,1,HOT,3.4527,289.628,28.9628,1
wiki_ts,1,ART,4.0549,246.615,24.6615,1
osm_cellids,0,HRT-LI,0.778943,1283.79,128.379,1
osm_cellids,0,HRT-LI v3,0.470571,2125.08,212.508,1
osm_cellids,0,ALEX,9.87089,101.308,10.1308,1
osm_cellids,0,Dynamic PGM,6.68423,149.606,14.9606,1
osm_cellids,0,HOT,1.05837,944.852,94.4852,1
osm_cellids,0,ART,1.16453,858.716,85.8716,1
osm_cellids,0.01,HRT-LI,0.701945,1424.61,142.461,1
osm_cellids,0.01,HRT-LI v3,0.395044,2531.36,253.136,1
osm_cellids,0.01,ALEX,8.70005,114.942,11.4942,1
osm_cellids,0.01,Dynamic PGM,4.28355,233.451,23.3451,1
osm_cellids,0.01,HOT,1.07394,931.148,93.1148,1
osm_cellids,0.01,ART,0.952641,1049.71,104.971,1
osm_cellids,0.02,HRT-LI,0.79499,1257.88,125.788,1
osm_cellids,0.02,HRT-LI v3,0.356644,2803.91,280.391,1
osm_cellids,0.02,ALEX,8.17056,122.391,12.2391,1
osm_cellids,0.02,Dynamic PGM,3.6689,272.561,27.2561,1
osm_cellids,0.02,HOT,0.769345,1299.81,129.981,1
osm_cellids,0.02,ART,1.1534,866.999,86.6999,1
osm_cellids,0.05,HRT-LI,0.974797,1025.85,102.585,1
osm_cellids,0.05,HRT-LI v3,0.473237,2113.11,211.311,1
osm_cellids,0.05,ALEX,8.97264,111.45,11.145,1
osm_cellids,0.05,Dynamic PGM,3.55501,281.293,28.1293,1
osm_cellids,0.05,HOT,0.862915,1158.86,115.886,1
osm_cellids,0.05,ART,1.16089,861.408,86.1408,1
osm_cellids,0.1,HRT-LI,0.744859,1342.54,134.254,1
osm_cellids,0.1,HRT-LI v3,0.464777,2151.57,215.157,1
osm_cellids,0.1,ALEX,8.81902,113.391,11.3391,1
osm_cellids,0.1,Dynamic PGM,3.52334,283.822,28.3822,1
osm_cellids,0.1,HOT,0.89411,1118.43,111.843,1
osm_cellids,0.1,ART,1.26839,788.404,78.8404,1
osm_cellids,0.25,HRT-LI,0.833304,1200.04,120.004,1
osm_cellids,0.25,HRT-LI v3,0.454736,2199.08,219.908,1
osm_cellids,0.25,ALEX,7.84255,127.51,12.751,1
osm_cellids,0.25,Dynamic PGM,4.10782,243.438,24.3438,1
osm_cellids,0.25,HOT,1.08698,919.981,91.9981,1
osm_cellids,0.25,ART,1.3866,721.186,72.1186,1
osm_cellids,0.5,HRT-LI,0.633811,1577.76,157.776,1
osm_cellids,0.5,HRT-LI v3,0.485943,2057.86,205.786,1
osm_cellids,0.5,ALEX,7.96236,125.591,12.5591,1
osm_cellids,0.5,Dynamic PGM,4.02872,248.218,24.8218,1
osm_cellids,0.5,HOT,1.18089,846.816,84.6816,1
osm_cellids,0.5,ART,1.69061,591.503,59.1503,1
osm_cellids,0.75,HRT-LI,0.580281,1723.3,172.33,1
osm_cellids,0.75,HRT-LI v3,0.498436,2006.27,200.627,1
osm_cellids,0.75,ALEX,7.9526,125.745,12.5745,1
osm_cellids,0.75,Dynamic PGM,5.85563,170.776,17.0776,1
osm_cellids,0.75,HOT,1.77036,564.856,56.4856,1
osm_cellids,0.75,ART,2.08706,479.144,47.9144,1
osm_cellids,1,HRT-LI,0.571904,1748.55,174.855,1
osm_cellids,1,HRT-LI v3,0.492302,2031.27,203.127,1
osm_cellids,1,ALEX,12.2438,81.6743,8.16743,1
osm_cellids,1,Dynamic PGM,10.2631,97.4367,9.74367,1
osm_cellids,1,HOT,2.56378,390.049,39.0049,1
osm_cellids,1,ART,4.96981,201.215,20.1215,1
wiki_ts,0,HRT-LI,0.876932,1140.34,114.034,2
wiki_ts,0,HRT-LI v3,0.525793,1901.89,190.189,2
wiki_ts,0,ALEX,9.99289,100.071,10.0071,2
wiki_ts,0,Dynamic PGM,7.31611,136.685,13.6685,2
wiki_ts,0,HOT,0.932369,1072.54,107.254,2
wiki_ts,0,ART,1.42761,700.469,70.0469,2
wiki_ts,0.01,HRT-LI,0.706778,1414.87,141.487,2
wiki_ts,0.01,HRT-LI v3,0.405508,2466.04,246.604,2
wiki_ts,0.01,ALEX,9.63855,103.75,10.375,2
wiki_ts,0.01,Dynamic PGM,3.70223,270.107,27.0107,2
wiki_ts,0.01,HOT,0.840981,1189.09,118.909,2
wiki_ts,0.01,ART,1.33922,746.701,74.6701,2
wiki_ts,0.02,HRT-LI,0.632464,1581.12,158.112,2
wiki_ts,0.02,HRT-LI v3,0.525214,1903.99,190.399,2
wiki_ts,0.02,ALEX,10.0344,99.6567,9.96567,2
wiki_ts,0.02,Dynamic PGM,3.73717,267.582,26.7582,2
wiki_ts,0.02,HOT,1.04007,961.475,96.1475,2
wiki_ts,0.02,ART,1.30705,765.081,76.5081,2
wiki_ts,0.05,HRT-LI,0.558713,1789.83,178.983,2
wiki_ts,0.05,HRT-LI v3,0.512511,1951.18,195.118,2
wiki_ts,0.05,ALEX,8.88296,112.575,11.2575,2
wiki_ts,0.05,Dynamic PGM,3.59763,277.96,27.796,2
wiki_ts,0.05,HOT,1.07867,927.065,92.7065,2
wiki_ts,0.05,ART,1.35666,737.102,73.7102,2
wiki_ts,0.1,HRT-LI,0.467684,2138.2,213.82,2
wiki_ts,0.1,HRT-LI v3,0.529928,1887.05,188.705,2
wiki_ts,0.1,ALEX,9.27124,107.86,10.786,2
wiki_ts,0.1,Dynamic PGM,3.38793,295.166,29.5166,2
wiki_ts,0.1,HOT,1.06524,938.754,93.8754,2
wiki_ts,0.1,ART,1.36177,734.337,73.4337,2
wiki_ts,0.25,HRT-LI,0.301384,3318.03,331.803,2
wiki_ts,0.25,HRT-LI v3,0.528307,1892.84,189.284,2
wiki_ts,0.25,ALEX,8.29678,120.529,12.0529,2
wiki_ts,0.25,Dynamic PGM,4.04876,246.989,24.6989,2
wiki_ts,0.25,HOT,1.11172,899.504,89.9504,2
wiki_ts,0.25,ART,1.58596,630.531,63.0531,2
wiki_ts,0.5,HRT-LI,0.187465,5334.34,533.434,2
wiki_ts,0.5,HRT-LI v3,0.531838,1880.27,188.027,2
wiki_ts,0.5,ALEX,7.92161,126.237,12.6237,2
wiki_ts,0.5,Dynamic PGM,5.31333,188.206,18.8206,2
wiki_ts,0.5,HOT,1.39681,715.917,71.5917,2
wiki_ts,0.5,ART,1.75121,571.035,57.1035,2
wiki_ts,0.75,HRT-LI,0.14055,7114.92,711.492,2
wiki_ts,0.75,HRT-LI v3,0.425727,2348.92,234.892,2
wiki_ts,0.75,ALEX,7.62824,131.092,13.1092,2
wiki_ts,0.75,Dynamic PGM,7.31812,136.647,13.6647,2
wiki_ts,0.75,HOT,1.66602,600.234,60.0234,2
wiki_ts,0.75,ART,1.86131,537.257,53.7257,2
wiki_ts,1,HRT-LI,0.0897418,11143.1,1114.31,2
wiki_ts,1,HRT-LI v3,0.550283,1817.25,181.725,2
wiki_ts,1,ALEX,7.34954,136.063,13.6063,2
wiki_ts,1,Dynamic PGM,11.7079,85.4127,8.54127,2
wiki_ts,1,HOT,2.99941,333.399,33.3399,2
wiki_ts,1,ART,5.08853,196.52,19.652,2
osm_cellids,0,HRT-LI,0.982126,1018.2,101.82,2
osm_cellids,0,HRT-LI v3,0.482029,2074.56,207.456,2
osm_cellids,0,ALEX,9.42088,106.147,10.6147,2
osm_cellids,0,Dynamic PGM,7.03174,142.212,14.2212,2
osm_cellids,0,HOT,1.00767,992.39,99.239,2
osm_cellids,0,ART,1.32217,756.334,75.6334,2
osm_cellids,0.01,HRT-LI,0.920374,1086.52,108.652,2
osm_cellids,0.01,HRT-LI v3,0.499959,2000.16,200.016,2
osm_cellids,0.01,ALEX,7.98807,125.187,12.5187,2
osm_cellids,0.01,Dynamic PGM,3.14484,317.981,31.7981,2
osm_cellids,0.01,HOT,0.978653,1021.81,102.181,2
osm_cellids,0.01,ART,1.3035,767.163,76.7163,2
osm_cellids,0.02,HRT-LI,0.894909,1117.43,111.743,2
osm_cellids,0.02,HRT-LI v3,0.487746,2050.25,205.025,2
osm_cellids,0.02,ALEX,8.93734,111.89,11.189,2
osm_cellids,0.02,Dynamic PGM,3.32519,300.735,30.0735,2
osm_cellids,0.02,HOT,0.929444,1075.91,107.591,2
osm_cellids,0.02,ART,1.12369,889.925,88.9925,2
osm_cellids,0.05,HRT-LI,0.864334,1156.96,115.696,2
osm_cellids,0.05,HRT-LI v3,0.49049,2038.78,203.878,2
osm_cellids,0.05,ALEX,7.89117,126.724,12.6724,2
osm_cellids,0.05,Dynamic PGM,2.31194,432.538,43.2538,2
osm_cellids,0.05,HOT,0.925006,1081.07,108.107,2
osm_cellids,0.05,ART,1.36322,733.56,73.356,2
osm_cellids,0.1,HRT-LI,0.757674,1319.83,131.983,2
osm_cellids,0.1,HRT-LI v3,0.462,2164.5,216.45,2
osm_cellids,0.1,ALEX,8.05056,124.215,12.4215,2
osm_cellids,0.1,Dynamic PGM,3.43423,291.186,29.1186,2
osm_cellids,0.1,HOT,0.90751,1101.92,110.192,2
osm_cellids,0.1,ART,1.08876,918.473,91.8473,2
osm_cellids,0.25,HRT-LI,0.783251,1276.73,127.673,2
osm_cellids,0.25,HRT-LI v3,0.503943,1984.35,198.435,2
osm_cellids,0.25,ALEX,8.11191,123.275,12.3275,2
osm_cellids,0.25,Dynamic PGM,4.23338,236.218,23.6218,2
osm_cellids,0.25,HOT,1.14519,873.217,87.3217,2
osm_cellids,0.25,ART,1.51007,662.22,66.222,2
osm_cellids,0.5,HRT-LI,0.650541,1537.18,153.718,2
osm_cellids,0.5,HRT-LI v3,0.492,2032.52,203.252,2
osm_cellids,0.5,ALEX,6.6165,151.137,15.1137,2
osm_cellids,0.5,Dynamic PGM,4.82041,207.451,20.7451,2
osm_cellids,0.5,HOT,1.03926,962.22,96.222,2
osm_cellids,0.5,ART,1.41972,704.366,70.4367,2
osm_cellids,0.75,HRT-LI,0.552092,1811.29,181.129,2
osm_cellids,0.75,HRT-LI v3,0.438726,2279.33,227.933,2
osm_cellids,0.75,ALEX,8.09746,123.495,12.3495,2
osm_cellids,0.75,Dynamic PGM,6.33303,157.902,15.7902,2
osm_cellids,0.75,HOT,1.70479,586.582,58.6582,2
osm_cellids,0.75,ART,1.66121,601.972,60.1972,2
osm_cellids,1,HRT-LI,0.487592,2050.89,205.089,2
osm_cellids,1,HRT-LI v3,0.616842,1621.16,162.116,2
osm_cellids,1,ALEX,12.7334,78.5339,7.85339,2
osm_cellids,1,Dynamic PGM,12.1915,82.0243,8.20243,2
osm_cellids,1,HOT,3.27086,305.73,30.573,2
osm_cellids,1,ART,5.31959,187.984,18.7984,2
wiki_ts,0,HRT-LI,0.965426,1035.81,103.581,3
wiki_ts,0,HRT-LI v3,0.531136,1882.76,188.276,3
wiki_ts,0,ALEX,10.3927,96.2216,9.62216,3
wiki_ts,0,Dynamic PGM,6.96635,143.547,14.3547,3
wiki_ts,0,HOT,1.00906,991.022,99.1022,3
wiki_ts,0,ART,1.42397,702.261,70.2261,3
wiki_ts,0.01,HRT-LI,0.693811,1441.31,144.131,3
wiki_ts,0.01,HRT-LI v3,0.541765,1845.82,184.582,3
wiki_ts,0.01,ALEX,10.4159,96.0067,9.60067,3
wiki_ts,0.01,Dynamic PGM,3.73057,268.056,26.8056,3
wiki_ts,0.01,HOT,1.05168,950.859,95.0859,3
wiki_ts,0.01,ART,1.42301,702.736,70.2736,3
wiki_ts,0.02,HRT-LI,0.656796,1522.54,152.254,3
wiki_ts,0.02,HRT-LI v3,0.522959,1912.2,191.22,3
wiki_ts,0.02,ALEX,9.98136,100.187,10.0187,3
wiki_ts,0.02,Dynamic PGM,4.19609,238.317,23.8317,3
wiki_ts,0.02,HOT,1.06374,940.077,94.0077,3
wiki_ts,0.02,ART,1.35962,735.501,73.5501,3
wiki_ts,0.05,HRT-LI,0.532166,1879.11,187.911,3
wiki_ts,0.05,HRT-LI v3,0.537775,1859.51,185.951,3
wiki_ts,0.05,ALEX,9.86439,101.375,10.1375,3
wiki_ts,0.05,Dynamic PGM,3.42108,292.305,29.2305,3
wiki_ts,0.05,HOT,1.07452,930.652,93.0652,3
wiki_ts,0.05,ART,1.48833,671.896,67.1896,3
wiki_ts,0.1,HRT-LI,0.464087,2154.77,215.477,3
wiki_ts,0.1,HRT-LI v3,0.509559,1962.48,196.248,3
wiki_ts,0.1,ALEX,9.4542,105.773,10.5773,3
wiki_ts,0.1,Dynamic PGM,3.62023,276.226,27.6226,3
wiki_ts,0.1,HOT,1.00678,993.269,99.3269,3
wiki_ts,0.1,ART,1.42668,700.926,70.0926,3
wiki_ts,0.25,HRT-LI,0.286439,3491.15,349.115,3
wiki_ts,0.25,HRT-LI v3,0.516661,1935.5,193.55,3
wiki_ts,0.25,ALEX,7.90561,126.493,12.6493,3
wiki_ts,0.25,Dynamic PGM,3.67302,272.256,27.2256,3
wiki_ts,0.25,HOT,0.932672,1072.19,107.219,3
wiki_ts,0.25,ART,1.48355,674.06,67.406,3
wiki_ts,0.5,HRT-LI,0.170894,5851.56,585.156,3
wiki_ts,0.5,HRT-LI v3,0.49749,2010.09,201.009,3
wiki_ts,0.5,ALEX,6.43085,155.501,15.5501,3
wiki_ts,0.5,Dynamic PGM,5.12228,195.226,19.5226,3
wiki_ts,0.5,HOT,1.03539,965.82,96.582,3
wiki_ts,0.5,ART,1.67187,598.133,59.8133,3
wiki_ts,0.75,HRT-LI,0.133362,7498.41,749.841,3
wiki_ts,0.75,HRT-LI v3,0.538887,1855.68,185.568,3
wiki_ts,0.75,ALEX,7.72387,129.469,12.9469,3
wiki_ts,0.75,Dynamic PGM,6.87134,145.532,14.5532,3
wiki_ts,0.75,HOT,1.57657,634.29,63.429,3
wiki_ts,0.75,ART,2.48905,401.759,40.1759,3
wiki_ts,1,HRT-LI,0.110953,9012.82,901.282,3
wiki_ts,1,HRT-LI v3,0.625978,1597.5,159.75,3
wiki_ts,1,ALEX,7.66655,130.437,13.0437,3
wiki_ts,1,Dynamic PGM,12.789,78.1921,7.81921,3
wiki_ts,1,HOT,3.57742,279.531,27.9531,3
wiki_ts,1,ART,5.86779,170.422,17.0422,3
osm_cellids,0,HRT-LI,0.949231,1053.48,105.348,3
osm_cellids,0,HRT-LI v3,0.492619,2029.96,202.996,3
osm_cellids,0,ALEX,9.83834,101.643,10.1643,3
osm_cellids,0,Dynamic PGM,6.14271,162.795,16.2795,3
osm_cellids,0,HOT,0.801892,1247.05,124.705,3
osm_cellids,0,ART,1.29081,774.706,77.4706,3
osm_cellids,0.01,HRT-LI,0.79786,1253.35,125.335,3
osm_cellids,0.01,HRT-LI v3,0.441357,2265.74,226.574,3
osm_cellids,0.01,ALEX,10.2953,97.1321,9.71321,3
osm_cellids,0.01,Dynamic PGM,4.27935,233.681,23.3681,3
osm_cellids,0.01,HOT,1.06132,942.222,94.2222,3
osm_cellids,0.01,ART,1.15245,867.718,86.7719,3
osm_cellids,0.02,HRT-LI,0.736359,1358.03,135.803,3
osm_cellids,0.02,HRT-LI v3,0.515072,1941.47,194.147,3
osm_cellids,0.02,ALEX,10.0922,99.0869,9.90869,3
osm_cellids,0.02,Dynamic PGM,3.79556,263.466,26.3466,3
osm_cellids,0.02,HOT,1.06717,937.059,93.7059,3
osm_cellids,0.02,ART,1.39488,716.905,71.6905,3
osm_cellids,0.05,HRT-LI,0.96734,1033.76,103.376,3
osm_cellids,0.05,HRT-LI v3,0.525008,1904.73,190.473,3
osm_cellids,0.05,ALEX,10.0273,99.7278,9.97278,3
osm_cellids,0.05,Dynamic PGM,3.84574,260.028,26.0028,3
osm_cellids,0.05,HOT,0.938891,1065.09,106.509,3
osm_cellids,0.05,ART,1.41751,705.464,70.5464,3
osm_cellids,0.1,HRT-LI,0.790771,1264.59,126.459,3
osm_cellids,0.1,HRT-LI v3,0.478045,2091.85,209.185,3
osm_cellids,0.1,ALEX,9.10929,109.778,10.9778,3
osm_cellids,0.1,Dynamic PGM,3.82755,261.263,26.1263,3
osm_cellids,0.1,HOT,1.0819,924.296,92.4296,3
osm_cellids,0.1,ART,1.32065,757.205,75.7205,3
osm_cellids,0.25,HRT-LI,0.668239,1496.47,149.647,3
osm_cellids,0.25,HRT-LI v3,0.499576,2001.7,200.17,3
osm_cellids,0.25,ALEX,8.78478,113.833,11.3833,3
osm_cellids,0.25,Dynamic PGM,4.09369,244.279,24.4279,3
osm_cellids,0.25,HOT,1.13911,877.88,87.788,3
osm_cellids,0.25,ART,1.39731,715.662,71.5662,3
osm_cellids,0.5,HRT-LI,0.645113,1550.12,155.012,3
osm_cellids,0.5,HRT-LI v3,0.5018,1992.83,199.283,3
osm_cellids,0.5,ALEX,7.7638,128.803,12.8803,3
osm_cellids,0.5,Dynamic PGM,5.34737,187.008,18.7008,3
osm_cellids,0.5,HOT,1.20528,829.682,82.9682,3
osm_cellids,0.5,ART,1.70466,586.626,58.6626,3
osm_cellids,0.75,HRT-LI,0.581056,1721,172.1,3
osm_cellids,0.75,HRT-LI v3,0.496161,2015.47,201.547,3
osm_cellids,0.75,ALEX,8.25102,121.197,12.1197,3
osm_cellids,0.75,Dynamic PGM,6.79887,147.083,14.7083,3
osm_cellids,0.75,HOT,1.65377,604.68,60.468,3
osm_cellids,0.75,ART,1.90125,525.969,52.5969,3
osm_cellids,1,HRT-LI,0.468666,2133.72,213.372,3
osm_cellids,1,HRT-LI v3,0.59858,1670.62,167.062,3
osm_cellids,1,ALEX,12.6392,79.1188,7.91188,3
osm_cellids,1,Dynamic PGM,10.9707,91.1515,9.11515,3
osm_cellids,1,HOT,3.07731,324.959,32.4959,3
osm_cellids,1,ART,5.5172,181.251,18.1251,3
wiki_ts,0,HRT-LI,1.01565,984.593,98.4593,4
wiki_ts,0,HRT-LI v3,0.527027,1897.43,189.743,4
wiki_ts,0,ALEX,10.6521,93.8781,9.38781,4
wiki_ts,0,Dynamic PGM,7.65614,130.614,13.0614,4
wiki_ts,0,HOT,0.978245,1022.24,102.224,4
wiki_ts,0,ART,1.23539,809.464,80.9464,4
wiki_ts,0.01,HRT-LI,0.678592,1473.64,147.364,4
wiki_ts,0.01,HRT-LI v3,0.567885,1760.92,176.092,4
wiki_ts,0.01,ALEX,9.87819,101.233,10.1233,4
wiki_ts,0.01,Dynamic PGM,3.90115,256.334,25.6334,4
wiki_ts,0.01,HOT,0.84746,1180,118,4
wiki_ts,0.01,ART,1.41236,708.034,70.8034,4
wiki_ts,0.02,HRT-LI,0.595737,1678.59,167.859,4
wiki_ts,0.02,HRT-LI v3,0.49283,2029.1,202.91,4
wiki_ts,0.02,ALEX,10.8893,91.8336,9.18336,4
wiki_ts,0.02,Dynamic PGM,3.92317,254.896,25.4896,4
wiki_ts,0.02,HOT,1.03262,968.413,96.8413,4
wiki_ts,0.02,ART,1.062,941.617,94.1617,4
wiki_ts,0.05,HRT-LI,0.473031,2114.03,211.403,4
wiki_ts,0.05,HRT-LI v3,0.4751,2104.82,210.482,4
wiki_ts,0.05,ALEX,9.69727,103.122,10.3122,4
wiki_ts,0.05,Dynamic PGM,3.56295,280.666,28.0666,4
wiki_ts,0.05,HOT,1.06123,942.306,94.2306,4
wiki_ts,0.05,ART,1.43142,698.609,69.8609,4
wiki_ts,0.1,HRT-LI,0.421489,2372.54,237.254,4
wiki_ts,0.1,HRT-LI v3,0.529836,1887.37,188.737,4
wiki_ts,0.1,ALEX,9.5244,104.993,10.4993,4
wiki_ts,0.1,Dynamic PGM,3.85726,259.252,25.9252,4
wiki_ts,0.1,HOT,1.08533,921.376,92.1376,4
wiki_ts,0.1,ART,1.49903,667.097,66.7097,4
wiki_ts,0.25,HRT-LI,0.258043,3875.32,387.532,4
wiki_ts,0.25,HRT-LI v3,0.525005,1904.74,190.474,4
wiki_ts,0.25,ALEX,9.01577,110.917,11.0917,4
wiki_ts,0.25,Dynamic PGM,3.2569,307.04,30.704,4
wiki_ts,0.25,HOT,1.21264,824.649,82.4649,4
wiki_ts,0.25,ART,1.60393,623.468,62.3468,4
wiki_ts,0.5,HRT-LI,0.194965,5129.14,512.914,4
wiki_ts,0.5,HRT-LI v3,0.498232,2007.1,200.71,4
wiki_ts,0.5,ALEX,7.60238,131.538,13.1538,4
wiki_ts,0.5,Dynamic PGM,4.44086,225.182,22.5182,4
wiki_ts,0.5,HOT,1.28163,780.254,78.0254,4
wiki_ts,0.5,ART,2.00841,497.906,49.7906,4
wiki_ts,0.75,HRT-LI,0.134605,7429.15,742.915,4
wiki_ts,0.75,HRT-LI v3,0.550194,1817.54,181.754,4
wiki_ts,0.75,ALEX,8.1207,123.142,12.3142,4
wiki_ts,0.75,Dynamic PGM,6.64393,150.513,15.0513,4
wiki_ts,0.75,HOT,2.0128,496.82,49.682,4
wiki_ts,0.75,ART,2.39033,418.353,41.8353,4
wiki_ts,1,HRT-LI,0.115102,8687.92,868.792,4
wiki_ts,1,HRT-LI v3,0.62109,1610.07,161.007,4
wiki_ts,1,ALEX,8.852,112.969,11.2969,4
wiki_ts,1,Dynamic PGM,12.47,80.1925,8.01925,4
wiki_ts,1,HOT,3.54474,282.108,28.2108,4
wiki_ts,1,ART,5.60071,178.549,17.8549,4
osm_cellids,0,HRT-LI,0.741213,1349.14,134.914,4
osm_cellids,0,HRT-LI v3,0.521114,1918.96,191.896,4
osm_cellids,0,ALEX,9.69287,103.169,10.3169,4
osm_cellids,0,Dynamic PGM,6.54452,152.8,15.28,4
osm_cellids,0,HOT,1.14667,872.09,87.209,4
osm_cellids,0,ART,1.44273,693.13,69.313,4
osm_cellids,0.01,HRT-LI,0.953009,1049.31,104.931,4
osm_cellids,0.01,HRT-LI v3,0.502798,1988.87,198.887,4
osm_cellids,0.01,ALEX,9.66871,103.426,10.3426,4
osm_cellids,0.01,Dynamic PGM,3.8884,257.175,25.7175,4
osm_cellids,0.01,HOT,0.889522,1124.2,112.42,4
osm_cellids,0.01,ART,1.37878,725.28,72.528,4
osm_cellids,0.02,HRT-LI,0.766573,1304.51,130.451,4
osm_cellids,0.02,HRT-LI v3,0.422968,2364.24,236.424,4
osm_cellids,0.02,ALEX,10.1748,98.2823,9.82823,4
osm_cellids,0.02,Dynamic PGM,3.75636,266.215,26.6215,4
osm_cellids,0.02,HOT,1.11611,895.965,89.5965,4
osm_cellids,0.02,ART,1.08383,922.654,92.2654,4
osm_cellids,0.05,HRT-LI,0.880022,1136.34,113.634,4
osm_cellids,0.05,HRT-LI v3,0.418306,2390.6,239.06,4
osm_cellids,0.05,ALEX,10.2146,97.8989,9.78989,4
osm_cellids,0.05,Dynamic PGM,3.12502,319.998,31.9998,4
osm_cellids,0.05,HOT,1.11894,893.701,89.3701,4
osm_cellids,0.05,ART,1.43714,695.827,69.5827,4
osm_cellids,0.1,HRT-LI,0.788839,1267.69,126.769,4
osm_cellids,0.1,HRT-LI v3,0.496601,2013.69,201.369,4
osm_cellids,0.1,ALEX,9.49714,105.295,10.5295,4
osm_cellids,0.1,Dynamic PGM,3.03968,328.982,32.8982,4
osm_cellids,0.1,HOT,1.09544,912.872,91.2872,4
osm_cellids,0.1,ART,1.35694,736.955,73.6955,4
osm_cellids,0.25,HRT-LI,0.706126,1416.18,141.618,4
osm_cellids,0.25,HRT-LI v3,0.485223,2060.91,206.091,4
osm_cellids,0.25,ALEX,8.24403,121.3,12.13,4
osm_cellids,0.25,Dynamic PGM,4.08719,244.667,24.4667,4
osm_cellids,0.25,HOT,0.963965,1037.38,103.738,4
osm_cellids,0.25,ART,1.34691,742.441,74.2441,4
osm_cellids,0.5,HRT-LI,0.596918,1675.27,167.527,4
osm_cellids,0.5,HRT-LI v3,0.45129,2215.87,221.587,4
osm_cellids,0.5,ALEX,8.15748,122.587,12.2587,4
osm_cellids,0.5,Dynamic PGM,5.10616,195.842,19.5842,4
osm_cellids,0.5,HOT,1.33888,746.895,74.6895,4
osm_cellids,0.5,ART,1.53195,652.765,65.2765,4
osm_cellids,0.75,HRT-LI,0.496005,2016.11,201.611,4
osm_cellids,0.75,HRT-LI v3,0.544931,1835.09,183.509,4
osm_cellids,0.75,ALEX,9.05099,110.485,11.0485,4
osm_cellids,0.75,Dynamic PGM,6.38925,156.513,15.6513,4
osm_cellids,0.75,HOT,1.67357,597.527,59.7527,4
osm_cellids,0.75,ART,2.39555,417.441,41.7441,4
osm_cellids,1,HRT-LI,0.558617,1790.14,179.014,4
osm_cellids,1,HRT-LI v3,0.631961,1582.38,158.238,4
osm_cellids,1,ALEX,12.9539,77.197,7.71969,4
osm_cellids,1,Dynamic PGM,10.4671,95.5371,9.55371,4
osm_cellids,1,HOT,2.81916,354.716,35.4716,4
osm_cellids,1,ART,6.25143,159.964,15.9964,4
wiki_ts,0,HRT-LI,0.939196,1064.74,106.474,5
wiki_ts,0,HRT-LI v3,0.493447,2026.56,202.656,5
wiki_ts,0,ALEX,10.2931,97.152,9.7152,5
wiki_ts,0,Dynamic PGM,7.92358,126.206,12.6206,5
wiki_ts,0,HOT,1.05846,944.766,94.4766,5
wiki_ts,0,ART,1.02375,976.805,97.6805,5
wiki_ts,0.01,HRT-LI,0.600196,1666.12,166.612,5
wiki_ts,0.01,HRT-LI v3,0.45253,2209.8,220.98,5
wiki_ts,0.01,ALEX,11.0653,90.3723,9.03723,5
wiki_ts,0.01,Dynamic PGM,3.4115,293.126,29.3126,5
wiki_ts,0.01,HOT,1.07556,929.75,92.975,5
wiki_ts,0.01,ART,1.4566,686.529,68.6529,5
wiki_ts,0.02,HRT-LI,0.690334,1448.57,144.857,5
wiki_ts,0.02,HRT-LI v3,0.544517,1836.49,183.649,5
wiki_ts,0.02,ALEX,10.3322,96.7852,9.67852,5
wiki_ts,0.02,Dynamic PGM,3.82646,261.338,26.1338,5
wiki_ts,0.02,HOT,1.06907,935.39,93.539,5
wiki_ts,0.02,ART,1.38061,724.316,72.4316,5
wiki_ts,0.05,HRT-LI,0.493985,2024.35,202.435,5
wiki_ts,0.05,HRT-LI v3,0.518318,1929.32,192.932,5
wiki_ts,0.05,ALEX,10.3565,96.558,9.6558,5
wiki_ts,0.05,Dynamic PGM,3.66632,272.753,27.2753,5
wiki_ts,0.05,HOT,0.988626,1011.51,101.151,5
wiki_ts,0.05,ART,1.4905,670.916,67.0916,5
wiki_ts,0.1,HRT-LI,0.462672,2161.36,216.136,5
wiki_ts,0.1,HRT-LI v3,0.536374,1864.37,186.437,5
wiki_ts,0.1,ALEX,8.64542,115.668,11.5668,5
wiki_ts,0.1,Dynamic PGM,3.82649,261.336,26.1336,5
wiki_ts,0.1,HOT,1.04657,955.505,95.5505,5
wiki_ts,0.1,ART,1.5484,645.828,64.5828,5
wiki_ts,0.25,HRT-LI,0.263913,3789.13,378.913,5
wiki_ts,0.25,HRT-LI v3,0.509201,1963.86,196.386,5
wiki_ts,0.25,ALEX,8.59732,116.315,11.6315,5
wiki_ts,0.25,Dynamic PGM,4.06737,245.859,24.5859,5
wiki_ts,0.25,HOT,1.09962,909.406,90.9406,5
wiki_ts,0.25,ART,1.63494,611.643,61.1643,5
wiki_ts,0.5,HRT-LI,0.186097,5373.54,537.354,5
wiki_ts,0.5,HRT-LI v3,0.513433,1947.67,194.767,5
wiki_ts,0.5,ALEX,6.34168,157.687,15.7687,5
wiki_ts,0.5,Dynamic PGM,5.04129,198.362,19.8362,5
wiki_ts,0.5,HOT,1.05258,950.045,95.0045,5
wiki_ts,0.5,ART,1.76167,567.642,56.7642,5
wiki_ts,0.75,HRT-LI,0.133044,7516.31,751.631,5
wiki_ts,0.75,HRT-LI v3,0.571375,1750.16,175.016,5
wiki_ts,0.75,ALEX,6.74518,148.254,14.8254,5
wiki_ts,0.75,Dynamic PGM,6.79642,147.136,14.7136,5
wiki_ts,0.75,HOT,1.71245,583.959,58.3959,5
wiki_ts,0.75,ART,2.51259,397.996,39.7996,5
wiki_ts,1,HRT-LI,0.104255,9591.89,959.189,5
wiki_ts,1,HRT-LI v3,0.644492,1551.61,155.161,5
wiki_ts,1,ALEX,8.41076,118.895,11.8895,5
wiki_ts,1,Dynamic PGM,10.4551,95.6475,9.56475,5
wiki_ts,1,HOT,2.42489,412.39,41.239,5
wiki_ts,1,ART,6.54401,152.812,15.2812,5
osm_cellids,0,HRT-LI,1.01082,989.294,98.9294,5
osm_cellids,0,HRT-LI v3,0.500178,1999.29,199.929,5
osm_cellids,0,ALEX,9.85856,101.435,10.1435,5
osm_cellids,0,Dynamic PGM,6.05728,165.091,16.5091,5
osm_cellids,0,HOT,0.94296,1060.49,106.049,5
osm_cellids,0,ART,1.52021,657.806,65.7806,5
osm_cellids,0.01,HRT-LI,0.938633,1065.38,106.538,5
osm_cellids,0.01,HRT-LI v3,0.445487,2244.74,224.474,5
osm_cellids,0.01,ALEX,9.71489,102.935,10.2935,5
osm_cellids,0.01,Dynamic PGM,4.34083,230.371,23.0371,5
osm_cellids,0.01,HOT,1.03043,970.465,97.0465,5
osm_cellids,0.01,ART,1.07611,929.275,92.9275,5
osm_cellids,0.02,HRT-LI,0.879318,1137.25,113.725,5
osm_cellids,0.02,HRT-LI v3,0.505481,1978.31,197.831,5
osm_cellids,0.02,ALEX,10.6902,93.544,9.3544,5
osm_cellids,0.02,Dynamic PGM,4.15399,240.732,24.0732,5
osm_cellids,0.02,HOT,1.1082,902.361,90.2361,5
osm_cellids,0.02,ART,1.40404,712.232,71.2232,5
osm_cellids,0.05,HRT-LI,0.821078,1217.91,121.791,5
osm_cellids,0.05,HRT-LI v3,0.494187,2023.53,202.353,5
osm_cellids,0.05,ALEX,10.3117,96.9771,9.69771,5
osm_cellids,0.05,Dynamic PGM,3.44671,290.132,29.0132,5
osm_cellids,0.05,HOT,1.02947,971.374,97.1374,5
osm_cellids,0.05,ART,1.33273,750.341,75.0341,5
osm_cellids,0.1,HRT-LI,0.846486,1181.35,118.135,5
osm_cellids,0.1,HRT-LI v3,0.471947,2118.88,211.888,5
osm_cellids,0.1,ALEX,6.4871,154.152,15.4152,5
osm_cellids,0.1,Dynamic PGM,3.89808,256.537,25.6537,5
osm_cellids,0.1,HOT,0.958696,1043.08,104.308,5
osm_cellids,0.1,ART,1.24446,803.562,80.3562,5
osm_cellids,0.25,HRT-LI,0.648196,1542.74,154.274,5
osm_cellids,0.25,HRT-LI v3,0.377972,2645.7,264.57,5
osm_cellids,0.25,ALEX,8.67173,115.317,11.5317,5
osm_cellids,0.25,Dynamic PGM,4.1211,242.654,24.2654,5
osm_cellids,0.25,HOT,1.21384,823.831,82.3831,5
osm_cellids,0.25,ART,1.51378,660.597,66.0597,5
osm_cellids,0.5,HRT-LI,0.535389,1867.8,186.78,5
osm_cellids,0.5,HRT-LI v3,0.472783,2115.13,211.513,5
osm_cellids,0.5,ALEX,7.5332,132.746,13.2746,5
osm_cellids,0.5,Dynamic PGM,4.93298,202.717,20.2717,5
osm_cellids,0.5,HOT,1.41161,708.413,70.8413,5
osm_cellids,0.5,ART,1.73232,577.26,57.726,5
osm_cellids,0.75,HRT-LI,0.576851,1733.55,173.355,5
osm_cellids,0.75,HRT-LI v3,0.49803,2007.91,200.791,5
osm_cellids,0.75,ALEX,8.34453,119.839,11.9839,5
osm_cellids,0.75,Dynamic PGM,7.20392,138.813,13.8813,5
osm_cellids,0.75,HOT,1.38607,721.466,72.1466,5
osm_cellids,0.75,ART,2.24837,444.766,44.4766,5
osm_cellids,1,HRT-LI,0.528753,1891.24,189.124,5
osm_cellids,1,HRT-LI v3,0.495244,2019.2,201.92,5
osm_cellids,1,ALEX,12.2288,81.7744,8.17744,5
osm_cellids,1,Dynamic PGM,12.3756,80.8043,8.08043,5
osm_cellids,1,HOT,3.32406,300.837,30.0837,5
osm_cellids,1,ART,4.76411,209.903,20.9903,5
